model,noise_results,blur_results,occlusion_results,avg_attention_entropy,attention_maps_path,subgroup_metrics,fairness_plot_path
CLIP,"{'noise_0.01': {'top1_accuracy': 0.15415415415415415, 'top1_error': 0.8458458458458459, 'avg_similarity': -0.03696607}, 'noise_0.05': {'top1_accuracy': 0.15915915915915915, 'top1_error': 0.8408408408408409, 'avg_similarity': -0.037123427}, 'noise_0.1': {'top1_accuracy': 0.16266266266266266, 'top1_error': 0.8373373373373374, 'avg_similarity': -0.037531383}}","{'blur_1': {'top1_accuracy': 0.1971971971971972, 'top1_error': 0.8028028028028028, 'avg_similarity': -0.034167748}, 'blur_3': {'top1_accuracy': 0.1891891891891892, 'top1_error': 0.8108108108108107, 'avg_similarity': -0.034500692}, 'blur_5': {'top1_accuracy': 0.18368368368368368, 'top1_error': 0.8163163163163163, 'avg_similarity': -0.03565393}}","{'occlusion_32': {'top1_accuracy': 0.19369369369369369, 'top1_error': 0.8063063063063063, 'avg_similarity': -0.03369927}, 'occlusion_64': {'top1_accuracy': 0.1931931931931932, 'top1_error': 0.8068068068068068, 'avg_similarity': -0.03343064}}",,,,
CLIP,,,,3.8726563453674316,CLIP_attention_maps.png,,
CLIP,,,,,,"{'motorcycle': {'top1_accuracy': 1.5833333333333333, 'top1_error': -0.5833333333333333, 'avg_similarity': -0.032902427}, 'person': {'top1_accuracy': 1.6538461538461537, 'top1_error': -0.6538461538461537, 'avg_similarity': -0.031889457}, 'cow': {'top1_accuracy': 1.375, 'top1_error': -0.375, 'avg_similarity': -0.03592089}, 'tv': {'top1_accuracy': 1.3541666666666667, 'top1_error': -0.35416666666666674, 'avg_similarity': -0.036595218}, 'cat': {'top1_accuracy': 1.34375, 'top1_error': -0.34375, 'avg_similarity': -0.036620013}, 'bottle': {'top1_accuracy': 1.3425925925925926, 'top1_error': -0.34259259259259256, 'avg_similarity': -0.033924278}, 'toilet': {'top1_accuracy': 1.546875, 'top1_error': -0.546875, 'avg_similarity': -0.037834905}, 'bicycle': {'top1_accuracy': 1.3888888888888888, 'top1_error': -0.38888888888888884, 'avg_similarity': -0.03586336}, 'microwave': {'top1_accuracy': 1.75, 'top1_error': -0.75, 'avg_similarity': -0.035719726}, 'chair': {'top1_accuracy': 1.5434782608695652, 'top1_error': -0.5434782608695652, 'avg_similarity': -0.034281965}, 'refrigerator': {'top1_accuracy': 1.7222222222222223, 'top1_error': -0.7222222222222223, 'avg_similarity': -0.039318483}, 'truck': {'top1_accuracy': 1.2142857142857142, 'top1_error': -0.2142857142857142, 'avg_similarity': -0.0374516}, 'dining table': {'top1_accuracy': 1.6666666666666667, 'top1_error': -0.6666666666666667, 'avg_similarity': -0.032286882}, 'boat': {'top1_accuracy': 1.7826086956521738, 'top1_error': -0.7826086956521738, 'avg_similarity': -0.031428605}, 'sink': {'top1_accuracy': 1.3888888888888888, 'top1_error': -0.38888888888888884, 'avg_similarity': -0.039674122}, 'potted plant': {'top1_accuracy': 1.3888888888888888, 'top1_error': -0.38888888888888884, 'avg_similarity': -0.035354562}, 'dog': {'top1_accuracy': 1.6428571428571428, 'top1_error': -0.6428571428571428, 'avg_similarity': -0.037157807}, 'none': {'top1_accuracy': 1.5384615384615385, 'top1_error': -0.5384615384615385, 'avg_similarity': -0.03845722}, 'car': {'top1_accuracy': 1.6388888888888888, 'top1_error': -0.6388888888888888, 'avg_similarity': -0.033430897}, 'parking meter': {'top1_accuracy': 1.6666666666666667, 'top1_error': -0.6666666666666667, 'avg_similarity': -0.033298563}, 'tie': {'top1_accuracy': 1.5526315789473684, 'top1_error': -0.5526315789473684, 'avg_similarity': -0.03486676}, 'bird': {'top1_accuracy': 1.6896551724137931, 'top1_error': -0.6896551724137931, 'avg_similarity': -0.03326347}, 'vase': {'top1_accuracy': 1.9285714285714286, 'top1_error': -0.9285714285714286, 'avg_similarity': -0.034713116}, 'horse': {'top1_accuracy': 1.4827586206896552, 'top1_error': -0.48275862068965525, 'avg_similarity': -0.034940653}, 'clock': {'top1_accuracy': 1.8636363636363635, 'top1_error': -0.8636363636363635, 'avg_similarity': -0.037356246}, 'spoon': {'top1_accuracy': 2.25, 'top1_error': -1.25, 'avg_similarity': -0.028538167}, 'umbrella': {'top1_accuracy': 1.5454545454545454, 'top1_error': -0.5454545454545454, 'avg_similarity': -0.04073866}, 'cell phone': {'top1_accuracy': 1.3125, 'top1_error': -0.3125, 'avg_similarity': -0.03248797}, 'banana': {'top1_accuracy': 1.5555555555555556, 'top1_error': -0.5555555555555556, 'avg_similarity': -0.02741007}, 'cup': {'top1_accuracy': 1.5, 'top1_error': -0.5, 'avg_similarity': -0.036286853}, 'bench': {'top1_accuracy': 1.9, 'top1_error': -0.8999999999999999, 'avg_similarity': -0.032613896}, 'airplane': {'top1_accuracy': 2.4583333333333335, 'top1_error': -1.4583333333333335, 'avg_similarity': -0.02983129}, 'bus': {'top1_accuracy': 1.5833333333333333, 'top1_error': -0.5833333333333333, 'avg_similarity': -0.036025744}, 'traffic light': {'top1_accuracy': 1.5, 'top1_error': -0.5, 'avg_similarity': -0.0406648}, 'giraffe': {'top1_accuracy': 1.3235294117647058, 'top1_error': -0.32352941176470584, 'avg_similarity': -0.035160404}, 'sheep': {'top1_accuracy': 1.625, 'top1_error': -0.625, 'avg_similarity': -0.03544551}, 'fire hydrant': {'top1_accuracy': 2.5, 'top1_error': -1.5, 'avg_similarity': -0.035957973}, 'zebra': {'top1_accuracy': 1.8888888888888888, 'top1_error': -0.8888888888888888, 'avg_similarity': -0.034566544}, 'stop sign': {'top1_accuracy': 1.5833333333333333, 'top1_error': -0.5833333333333333, 'avg_similarity': -0.03288688}, 'book': {'top1_accuracy': 1.5, 'top1_error': -0.5, 'avg_similarity': -0.048004743}, 'skateboard': {'top1_accuracy': 2.3333333333333335, 'top1_error': -1.3333333333333335, 'avg_similarity': -0.030073024}, 'train': {'top1_accuracy': 1.3333333333333333, 'top1_error': -0.33333333333333326, 'avg_similarity': -0.03112779}, 'elephant': {'top1_accuracy': 1.5789473684210527, 'top1_error': -0.5789473684210527, 'avg_similarity': -0.034025036}, 'wine glass': {'top1_accuracy': 1.0, 'top1_error': 0.0, 'avg_similarity': -0.044839896}, 'suitcase': {'top1_accuracy': 1.5, 'top1_error': -0.5, 'avg_similarity': -0.034610536}, 'sports ball': {'top1_accuracy': 1.4558823529411764, 'top1_error': -0.4558823529411764, 'avg_similarity': -0.033753682}, 'bear': {'top1_accuracy': 1.2, 'top1_error': -0.19999999999999996, 'avg_similarity': -0.03777071}, 'frisbee': {'top1_accuracy': 2.375, 'top1_error': -1.375, 'avg_similarity': -0.027577251}, 'handbag': {'top1_accuracy': 1.5, 'top1_error': -0.5, 'avg_similarity': -0.03264465}, 'baseball bat': {'top1_accuracy': 1.3125, 'top1_error': -0.3125, 'avg_similarity': -0.033690766}, 'bowl': {'top1_accuracy': 1.3333333333333333, 'top1_error': -0.33333333333333326, 'avg_similarity': -0.03561206}, 'orange': {'top1_accuracy': 1.8333333333333333, 'top1_error': -0.8333333333333333, 'avg_similarity': -0.025624769}, 'donut': {'top1_accuracy': 1.4375, 'top1_error': -0.4375, 'avg_similarity': -0.02871672}, 'broccoli': {'top1_accuracy': 1.8333333333333333, 'top1_error': -0.8333333333333333, 'avg_similarity': -0.031120168}, 'knife': {'top1_accuracy': 1.4, 'top1_error': -0.3999999999999999, 'avg_similarity': -0.034016456}, 'fork': {'top1_accuracy': 1.875, 'top1_error': -0.875, 'avg_similarity': -0.033390146}, 'carrot': {'top1_accuracy': 2.5, 'top1_error': -1.5, 'avg_similarity': -0.033029404}, 'toothbrush': {'top1_accuracy': 1.6, 'top1_error': -0.6000000000000001, 'avg_similarity': -0.03344395}, 'sandwich': {'top1_accuracy': 1.8333333333333333, 'top1_error': -0.8333333333333333, 'avg_similarity': -0.0338895}, 'hot dog': {'top1_accuracy': 2.1666666666666665, 'top1_error': -1.1666666666666665, 'avg_similarity': -0.026356718}, 'keyboard': {'top1_accuracy': 2.0, 'top1_error': -1.0, 'avg_similarity': -0.037715405}, 'snowboard': {'top1_accuracy': 1.5, 'top1_error': -0.5, 'avg_similarity': -0.031630248}, 'cake': {'top1_accuracy': 1.375, 'top1_error': -0.375, 'avg_similarity': -0.029469537}, 'surfboard': {'top1_accuracy': 2.0, 'top1_error': -1.0, 'avg_similarity': -0.0114079015}, 'bed': {'top1_accuracy': 1.65, 'top1_error': -0.6499999999999999, 'avg_similarity': -0.035416335}, 'pizza': {'top1_accuracy': 1.5, 'top1_error': -0.5, 'avg_similarity': -0.030130863}, 'tennis racket': {'top1_accuracy': 1.25, 'top1_error': -0.25, 'avg_similarity': -0.035713643}, 'couch': {'top1_accuracy': 1.375, 'top1_error': -0.375, 'avg_similarity': -0.04161503}, 'mouse': {'top1_accuracy': 1.0, 'top1_error': 0.0, 'avg_similarity': -0.03690092}, 'laptop': {'top1_accuracy': 1.25, 'top1_error': -0.25, 'avg_similarity': -0.03288071}, 'kite': {'top1_accuracy': 1.7, 'top1_error': -0.7, 'avg_similarity': -0.024858158}, 'teddy bear': {'top1_accuracy': 1.75, 'top1_error': -0.75, 'avg_similarity': -0.037945643}, 'scissors': {'top1_accuracy': 1.3, 'top1_error': -0.30000000000000004, 'avg_similarity': -0.03331253}}",CLIP_fairness_plot.png
BLIP,"{'noise_0.01': {'top1_accuracy': 0.14214214214214213, 'top1_error': 0.8578578578578578, 'avg_similarity': 0.16048443}, 'noise_0.05': {'top1_accuracy': 0.14364364364364365, 'top1_error': 0.8563563563563563, 'avg_similarity': 0.16050352}, 'noise_0.1': {'top1_accuracy': 0.14464464464464463, 'top1_error': 0.8553553553553553, 'avg_similarity': 0.16055854}}","{'blur_1': {'top1_accuracy': 0.2097097097097097, 'top1_error': 0.7902902902902903, 'avg_similarity': 0.16093363}, 'blur_3': {'top1_accuracy': 0.2067067067067067, 'top1_error': 0.7932932932932932, 'avg_similarity': 0.16093554}, 'blur_5': {'top1_accuracy': 0.2042042042042042, 'top1_error': 0.7957957957957957, 'avg_similarity': 0.16083872}}","{'occlusion_32': {'top1_accuracy': 0.2092092092092092, 'top1_error': 0.7907907907907907, 'avg_similarity': 0.16095474}, 'occlusion_64': {'top1_accuracy': 0.21371371371371373, 'top1_error': 0.7862862862862863, 'avg_similarity': 0.16107352}}",,,,
BLIP,,,,5.27795934677124,BLIP_attention_maps.png,,
BLIP,,,,,,"{'motorcycle': {'top1_accuracy': 1.7777777777777777, 'top1_error': -0.7777777777777777, 'avg_similarity': 0.16129452}, 'person': {'top1_accuracy': 1.5946745562130178, 'top1_error': -0.5946745562130178, 'avg_similarity': 0.1610386}, 'cow': {'top1_accuracy': 1.34375, 'top1_error': -0.34375, 'avg_similarity': 0.16075139}, 'tv': {'top1_accuracy': 1.6666666666666667, 'top1_error': -0.6666666666666667, 'avg_similarity': 0.1607272}, 'cat': {'top1_accuracy': 1.421875, 'top1_error': -0.421875, 'avg_similarity': 0.16067621}, 'bottle': {'top1_accuracy': 1.462962962962963, 'top1_error': -0.462962962962963, 'avg_similarity': 0.1605094}, 'toilet': {'top1_accuracy': 1.578125, 'top1_error': -0.578125, 'avg_similarity': 0.16130319}, 'bicycle': {'top1_accuracy': 1.25, 'top1_error': -0.25, 'avg_similarity': 0.1607734}, 'microwave': {'top1_accuracy': 1.0, 'top1_error': 0.0, 'avg_similarity': 0.16071011}, 'chair': {'top1_accuracy': 1.608695652173913, 'top1_error': -0.6086956521739131, 'avg_similarity': 0.16072789}, 'refrigerator': {'top1_accuracy': 1.7222222222222223, 'top1_error': -0.7222222222222223, 'avg_similarity': 0.16096316}, 'truck': {'top1_accuracy': 1.7142857142857142, 'top1_error': -0.7142857142857142, 'avg_similarity': 0.1610402}, 'dining table': {'top1_accuracy': 1.6666666666666667, 'top1_error': -0.6666666666666667, 'avg_similarity': 0.16067657}, 'boat': {'top1_accuracy': 1.7173913043478262, 'top1_error': -0.7173913043478262, 'avg_similarity': 0.16093232}, 'sink': {'top1_accuracy': 1.4444444444444444, 'top1_error': -0.4444444444444444, 'avg_similarity': 0.1616662}, 'potted plant': {'top1_accuracy': 1.7037037037037037, 'top1_error': -0.7037037037037037, 'avg_similarity': 0.16084348}, 'dog': {'top1_accuracy': 1.5714285714285714, 'top1_error': -0.5714285714285714, 'avg_similarity': 0.16065359}, 'none': {'top1_accuracy': 2.0384615384615383, 'top1_error': -1.0384615384615383, 'avg_similarity': 0.16125019}, 'car': {'top1_accuracy': 1.9722222222222223, 'top1_error': -0.9722222222222223, 'avg_similarity': 0.16101265}, 'parking meter': {'top1_accuracy': 1.8333333333333333, 'top1_error': -0.8333333333333333, 'avg_similarity': 0.16096428}, 'tie': {'top1_accuracy': 2.0, 'top1_error': -1.0, 'avg_similarity': 0.15965512}, 'bird': {'top1_accuracy': 1.896551724137931, 'top1_error': -0.896551724137931, 'avg_similarity': 0.1612685}, 'vase': {'top1_accuracy': 1.5714285714285714, 'top1_error': -0.5714285714285714, 'avg_similarity': 0.16086136}, 'horse': {'top1_accuracy': 1.6206896551724137, 'top1_error': -0.6206896551724137, 'avg_similarity': 0.16111782}, 'clock': {'top1_accuracy': 1.6136363636363635, 'top1_error': -0.6136363636363635, 'avg_similarity': 0.16093075}, 'spoon': {'top1_accuracy': 1.875, 'top1_error': -0.875, 'avg_similarity': 0.16076368}, 'umbrella': {'top1_accuracy': 1.9090909090909092, 'top1_error': -0.9090909090909092, 'avg_similarity': 0.16127713}, 'cell phone': {'top1_accuracy': 1.75, 'top1_error': -0.75, 'avg_similarity': 0.1607959}, 'banana': {'top1_accuracy': 2.0555555555555554, 'top1_error': -1.0555555555555554, 'avg_similarity': 0.1607225}, 'cup': {'top1_accuracy': 1.5, 'top1_error': -0.5, 'avg_similarity': 0.16057257}, 'bench': {'top1_accuracy': 2.4, 'top1_error': -1.4, 'avg_similarity': 0.16080141}, 'airplane': {'top1_accuracy': 2.2083333333333335, 'top1_error': -1.2083333333333335, 'avg_similarity': 0.16129841}, 'bus': {'top1_accuracy': 1.75, 'top1_error': -0.75, 'avg_similarity': 0.16095966}, 'traffic light': {'top1_accuracy': 2.0, 'top1_error': -1.0, 'avg_similarity': 0.16063657}, 'giraffe': {'top1_accuracy': 1.8529411764705883, 'top1_error': -0.8529411764705883, 'avg_similarity': 0.16105938}, 'sheep': {'top1_accuracy': 1.75, 'top1_error': -0.75, 'avg_similarity': 0.1609812}, 'fire hydrant': {'top1_accuracy': 1.5, 'top1_error': -0.5, 'avg_similarity': 0.16120206}, 'zebra': {'top1_accuracy': 1.75, 'top1_error': -0.75, 'avg_similarity': 0.1609557}, 'stop sign': {'top1_accuracy': 1.4166666666666667, 'top1_error': -0.41666666666666674, 'avg_similarity': 0.1607285}, 'book': {'top1_accuracy': 1.0, 'top1_error': 0.0, 'avg_similarity': 0.16155651}, 'skateboard': {'top1_accuracy': 2.0, 'top1_error': -1.0, 'avg_similarity': 0.16085215}, 'train': {'top1_accuracy': 1.9583333333333333, 'top1_error': -0.9583333333333333, 'avg_similarity': 0.16087033}, 'elephant': {'top1_accuracy': 1.6578947368421053, 'top1_error': -0.6578947368421053, 'avg_similarity': 0.16126119}, 'wine glass': {'top1_accuracy': 3.0, 'top1_error': -2.0, 'avg_similarity': 0.16173707}, 'suitcase': {'top1_accuracy': 2.0, 'top1_error': -1.0, 'avg_similarity': 0.16099514}, 'sports ball': {'top1_accuracy': 1.661764705882353, 'top1_error': -0.661764705882353, 'avg_similarity': 0.16075173}, 'bear': {'top1_accuracy': 1.3, 'top1_error': -0.30000000000000004, 'avg_similarity': 0.16119002}, 'frisbee': {'top1_accuracy': 1.875, 'top1_error': -0.875, 'avg_similarity': 0.1620158}, 'handbag': {'top1_accuracy': 2.0, 'top1_error': -1.0, 'avg_similarity': 0.16092998}, 'baseball bat': {'top1_accuracy': 1.5, 'top1_error': -0.5, 'avg_similarity': 0.16087306}, 'bowl': {'top1_accuracy': 1.6666666666666667, 'top1_error': -0.6666666666666667, 'avg_similarity': 0.16092837}, 'orange': {'top1_accuracy': 2.1666666666666665, 'top1_error': -1.1666666666666665, 'avg_similarity': 0.16102457}, 'donut': {'top1_accuracy': 1.625, 'top1_error': -0.625, 'avg_similarity': 0.16090058}, 'broccoli': {'top1_accuracy': 1.8333333333333333, 'top1_error': -0.8333333333333333, 'avg_similarity': 0.16149627}, 'knife': {'top1_accuracy': 2.0, 'top1_error': -1.0, 'avg_similarity': 0.16099903}, 'fork': {'top1_accuracy': 1.375, 'top1_error': -0.375, 'avg_similarity': 0.16120794}, 'carrot': {'top1_accuracy': 1.5, 'top1_error': -0.5, 'avg_similarity': 0.16098732}, 'toothbrush': {'top1_accuracy': 1.7, 'top1_error': -0.7, 'avg_similarity': 0.16113311}, 'sandwich': {'top1_accuracy': 1.6666666666666667, 'top1_error': -0.6666666666666667, 'avg_similarity': 0.16088763}, 'hot dog': {'top1_accuracy': 2.0, 'top1_error': -1.0, 'avg_similarity': 0.16026624}, 'keyboard': {'top1_accuracy': 2.0, 'top1_error': -1.0, 'avg_similarity': 0.16001305}, 'snowboard': {'top1_accuracy': 2.5, 'top1_error': -1.5, 'avg_similarity': 0.16116232}, 'cake': {'top1_accuracy': 2.125, 'top1_error': -1.125, 'avg_similarity': 0.16124567}, 'surfboard': {'top1_accuracy': 2.0, 'top1_error': -1.0, 'avg_similarity': 0.16247615}, 'bed': {'top1_accuracy': 2.1, 'top1_error': -1.1, 'avg_similarity': 0.1611124}, 'pizza': {'top1_accuracy': 1.1666666666666667, 'top1_error': -0.16666666666666674, 'avg_similarity': 0.1610121}, 'tennis racket': {'top1_accuracy': 1.25, 'top1_error': -0.25, 'avg_similarity': 0.16113046}, 'couch': {'top1_accuracy': 1.875, 'top1_error': -0.875, 'avg_similarity': 0.16048719}, 'mouse': {'top1_accuracy': 1.5, 'top1_error': -0.5, 'avg_similarity': 0.16065386}, 'laptop': {'top1_accuracy': 1.5, 'top1_error': -0.5, 'avg_similarity': 0.16074997}, 'kite': {'top1_accuracy': 1.6, 'top1_error': -0.6000000000000001, 'avg_similarity': 0.1625655}, 'teddy bear': {'top1_accuracy': 1.375, 'top1_error': -0.375, 'avg_similarity': 0.16106308}, 'scissors': {'top1_accuracy': 1.3, 'top1_error': -0.30000000000000004, 'avg_similarity': 0.16095588}}",BLIP_fairness_plot.png
VILT,"{'noise_0.01': {'top1_accuracy': 1.0, 'top1_error': 0.0, 'avg_similarity': 1.0}, 'noise_0.05': {'top1_accuracy': 1.0, 'top1_error': 0.0, 'avg_similarity': 1.0}, 'noise_0.1': {'top1_accuracy': 1.0, 'top1_error': 0.0, 'avg_similarity': 1.0}}","{'blur_1': {'top1_accuracy': 1.0, 'top1_error': 0.0, 'avg_similarity': 1.0}, 'blur_3': {'top1_accuracy': 1.0, 'top1_error': 0.0, 'avg_similarity': 1.0}, 'blur_5': {'top1_accuracy': 1.0, 'top1_error': 0.0, 'avg_similarity': 1.0}}","{'occlusion_32': {'top1_accuracy': 1.0, 'top1_error': 0.0, 'avg_similarity': 1.0}, 'occlusion_64': {'top1_accuracy': 1.0, 'top1_error': 0.0, 'avg_similarity': 1.0}}",,,,
VILT,,,,0.0,None,,
VILT,,,,,,"{'motorcycle': {'top1_accuracy': 7.944444444444445, 'top1_error': -6.944444444444445, 'avg_similarity': 1.0}, 'person': {'top1_accuracy': 8.0, 'top1_error': -7.0, 'avg_similarity': 1.0}, 'cow': {'top1_accuracy': 8.0, 'top1_error': -7.0, 'avg_similarity': 1.0}, 'tv': {'top1_accuracy': 8.0, 'top1_error': -7.0, 'avg_similarity': 1.0}, 'cat': {'top1_accuracy': 8.0, 'top1_error': -7.0, 'avg_similarity': 1.0}, 'bottle': {'top1_accuracy': 7.962962962962963, 'top1_error': -6.962962962962963, 'avg_similarity': 1.0}, 'toilet': {'top1_accuracy': 8.0, 'top1_error': -7.0, 'avg_similarity': 1.0}, 'bicycle': {'top1_accuracy': 8.0, 'top1_error': -7.0, 'avg_similarity': 1.0}, 'microwave': {'top1_accuracy': 8.0, 'top1_error': -7.0, 'avg_similarity': 1.0}, 'chair': {'top1_accuracy': 8.0, 'top1_error': -7.0, 'avg_similarity': 1.0}, 'refrigerator': {'top1_accuracy': 8.0, 'top1_error': -7.0, 'avg_similarity': 1.0}, 'truck': {'top1_accuracy': 8.0, 'top1_error': -7.0, 'avg_similarity': 1.0}, 'dining table': {'top1_accuracy': 8.0, 'top1_error': -7.0, 'avg_similarity': 1.0}, 'boat': {'top1_accuracy': 8.0, 'top1_error': -7.0, 'avg_similarity': 1.0}, 'sink': {'top1_accuracy': 8.0, 'top1_error': -7.0, 'avg_similarity': 1.0}, 'potted plant': {'top1_accuracy': 8.0, 'top1_error': -7.0, 'avg_similarity': 1.0}, 'dog': {'top1_accuracy': 8.0, 'top1_error': -7.0, 'avg_similarity': 1.0}, 'none': {'top1_accuracy': 8.0, 'top1_error': -7.0, 'avg_similarity': 1.0}, 'car': {'top1_accuracy': 8.0, 'top1_error': -7.0, 'avg_similarity': 1.0}, 'parking meter': {'top1_accuracy': 8.0, 'top1_error': -7.0, 'avg_similarity': 1.0}, 'tie': {'top1_accuracy': 8.0, 'top1_error': -7.0, 'avg_similarity': 1.0}, 'bird': {'top1_accuracy': 8.0, 'top1_error': -7.0, 'avg_similarity': 1.0}, 'vase': {'top1_accuracy': 8.0, 'top1_error': -7.0, 'avg_similarity': 1.0}, 'horse': {'top1_accuracy': 8.0, 'top1_error': -7.0, 'avg_similarity': 1.0}, 'clock': {'top1_accuracy': 8.0, 'top1_error': -7.0, 'avg_similarity': 1.0}, 'spoon': {'top1_accuracy': 8.0, 'top1_error': -7.0, 'avg_similarity': 0.9999999}, 'umbrella': {'top1_accuracy': 8.0, 'top1_error': -7.0, 'avg_similarity': 1.0}, 'cell phone': {'top1_accuracy': 8.0, 'top1_error': -7.0, 'avg_similarity': 1.0}, 'banana': {'top1_accuracy': 8.0, 'top1_error': -7.0, 'avg_similarity': 1.0}, 'cup': {'top1_accuracy': 8.0, 'top1_error': -7.0, 'avg_similarity': 1.0}, 'bench': {'top1_accuracy': 8.0, 'top1_error': -7.0, 'avg_similarity': 1.0}, 'airplane': {'top1_accuracy': 8.0, 'top1_error': -7.0, 'avg_similarity': 1.0}, 'bus': {'top1_accuracy': 8.0, 'top1_error': -7.0, 'avg_similarity': 1.0}, 'traffic light': {'top1_accuracy': 8.0, 'top1_error': -7.0, 'avg_similarity': 0.9999999}, 'giraffe': {'top1_accuracy': 8.0, 'top1_error': -7.0, 'avg_similarity': 1.0}, 'sheep': {'top1_accuracy': 8.0, 'top1_error': -7.0, 'avg_similarity': 1.0}, 'fire hydrant': {'top1_accuracy': 8.0, 'top1_error': -7.0, 'avg_similarity': 1.0}, 'zebra': {'top1_accuracy': 8.0, 'top1_error': -7.0, 'avg_similarity': 1.0}, 'stop sign': {'top1_accuracy': 8.0, 'top1_error': -7.0, 'avg_similarity': 1.0}, 'book': {'top1_accuracy': 8.0, 'top1_error': -7.0, 'avg_similarity': 1.0}, 'skateboard': {'top1_accuracy': 8.0, 'top1_error': -7.0, 'avg_similarity': 1.0}, 'train': {'top1_accuracy': 8.0, 'top1_error': -7.0, 'avg_similarity': 1.0}, 'elephant': {'top1_accuracy': 8.0, 'top1_error': -7.0, 'avg_similarity': 1.0}, 'wine glass': {'top1_accuracy': 8.0, 'top1_error': -7.0, 'avg_similarity': 0.99999994}, 'suitcase': {'top1_accuracy': 8.0, 'top1_error': -7.0, 'avg_similarity': 1.0}, 'sports ball': {'top1_accuracy': 8.0, 'top1_error': -7.0, 'avg_similarity': 1.0}, 'bear': {'top1_accuracy': 8.0, 'top1_error': -7.0, 'avg_similarity': 1.0}, 'frisbee': {'top1_accuracy': 8.0, 'top1_error': -7.0, 'avg_similarity': 1.0}, 'handbag': {'top1_accuracy': 8.0, 'top1_error': -7.0, 'avg_similarity': 1.0}, 'baseball bat': {'top1_accuracy': 8.0, 'top1_error': -7.0, 'avg_similarity': 1.0}, 'bowl': {'top1_accuracy': 7.75, 'top1_error': -6.75, 'avg_similarity': 1.0}, 'orange': {'top1_accuracy': 8.0, 'top1_error': -7.0, 'avg_similarity': 1.0}, 'donut': {'top1_accuracy': 8.0, 'top1_error': -7.0, 'avg_similarity': 1.0}, 'broccoli': {'top1_accuracy': 8.0, 'top1_error': -7.0, 'avg_similarity': 1.0}, 'knife': {'top1_accuracy': 8.0, 'top1_error': -7.0, 'avg_similarity': 1.0}, 'fork': {'top1_accuracy': 8.0, 'top1_error': -7.0, 'avg_similarity': 1.0}, 'carrot': {'top1_accuracy': 8.0, 'top1_error': -7.0, 'avg_similarity': 1.0}, 'toothbrush': {'top1_accuracy': 8.0, 'top1_error': -7.0, 'avg_similarity': 1.0}, 'sandwich': {'top1_accuracy': 8.0, 'top1_error': -7.0, 'avg_similarity': 1.0}, 'hot dog': {'top1_accuracy': 8.0, 'top1_error': -7.0, 'avg_similarity': 1.0}, 'keyboard': {'top1_accuracy': 8.0, 'top1_error': -7.0, 'avg_similarity': 0.9999999}, 'snowboard': {'top1_accuracy': 8.0, 'top1_error': -7.0, 'avg_similarity': 1.0}, 'cake': {'top1_accuracy': 8.0, 'top1_error': -7.0, 'avg_similarity': 1.0}, 'surfboard': {'top1_accuracy': 8.0, 'top1_error': -7.0, 'avg_similarity': 1.0000001}, 'bed': {'top1_accuracy': 8.0, 'top1_error': -7.0, 'avg_similarity': 1.0}, 'pizza': {'top1_accuracy': 8.0, 'top1_error': -7.0, 'avg_similarity': 1.0000001}, 'tennis racket': {'top1_accuracy': 8.0, 'top1_error': -7.0, 'avg_similarity': 1.0}, 'couch': {'top1_accuracy': 8.0, 'top1_error': -7.0, 'avg_similarity': 1.0}, 'mouse': {'top1_accuracy': 8.0, 'top1_error': -7.0, 'avg_similarity': 0.99999994}, 'laptop': {'top1_accuracy': 7.5, 'top1_error': -6.5, 'avg_similarity': 0.99999994}, 'kite': {'top1_accuracy': 8.0, 'top1_error': -7.0, 'avg_similarity': 1.0}, 'teddy bear': {'top1_accuracy': 8.0, 'top1_error': -7.0, 'avg_similarity': 0.99999994}, 'scissors': {'top1_accuracy': 8.0, 'top1_error': -7.0, 'avg_similarity': 1.0}}",VILT_fairness_plot.png
CLIPFromScratch,"{'noise_0.01': {'top1_accuracy': 0.12362362362362363, 'top1_error': 0.8763763763763763, 'avg_similarity': 0.025364006}, 'noise_0.05': {'top1_accuracy': 0.12312312312312312, 'top1_error': 0.8768768768768769, 'avg_similarity': 0.025363998}, 'noise_0.1': {'top1_accuracy': 0.12312312312312312, 'top1_error': 0.8768768768768769, 'avg_similarity': 0.025366822}}","{'blur_1': {'top1_accuracy': 0.12212212212212212, 'top1_error': 0.8778778778778779, 'avg_similarity': 0.021684231}, 'blur_3': {'top1_accuracy': 0.12262262262262262, 'top1_error': 0.8773773773773774, 'avg_similarity': 0.021723934}, 'blur_5': {'top1_accuracy': 0.12312312312312312, 'top1_error': 0.8768768768768769, 'avg_similarity': 0.021727577}}","{'occlusion_32': {'top1_accuracy': 0.12312312312312312, 'top1_error': 0.8768768768768769, 'avg_similarity': 0.02171301}, 'occlusion_64': {'top1_accuracy': 0.12212212212212212, 'top1_error': 0.8778778778778779, 'avg_similarity': 0.021803096}}",,,,
CLIPFromScratch,,,,5.2709455490112305,CLIPFromScratch_attention_maps.png,,
CLIPFromScratch,,,,,,"{'motorcycle': {'top1_accuracy': 0.9722222222222222, 'top1_error': 0.02777777777777779, 'avg_similarity': 0.02164355}, 'person': {'top1_accuracy': 0.9970414201183432, 'top1_error': 0.00295857988165682, 'avg_similarity': 0.02191517}, 'cow': {'top1_accuracy': 0.90625, 'top1_error': 0.09375, 'avg_similarity': 0.02381197}, 'tv': {'top1_accuracy': 0.8958333333333334, 'top1_error': 0.10416666666666663, 'avg_similarity': 0.01794947}, 'cat': {'top1_accuracy': 0.921875, 'top1_error': 0.078125, 'avg_similarity': 0.020036383}, 'bottle': {'top1_accuracy': 0.9722222222222222, 'top1_error': 0.02777777777777779, 'avg_similarity': 0.021192864}, 'toilet': {'top1_accuracy': 0.984375, 'top1_error': 0.015625, 'avg_similarity': 0.023135405}, 'bicycle': {'top1_accuracy': 0.9722222222222222, 'top1_error': 0.02777777777777779, 'avg_similarity': 0.021634506}, 'microwave': {'top1_accuracy': 1.0, 'top1_error': 0.0, 'avg_similarity': 0.022977967}, 'chair': {'top1_accuracy': 0.9565217391304348, 'top1_error': 0.04347826086956519, 'avg_similarity': 0.023478901}, 'refrigerator': {'top1_accuracy': 1.0, 'top1_error': 0.0, 'avg_similarity': 0.021467742}, 'truck': {'top1_accuracy': 1.0, 'top1_error': 0.0, 'avg_similarity': 0.021025121}, 'dining table': {'top1_accuracy': 0.9666666666666667, 'top1_error': 0.033333333333333326, 'avg_similarity': 0.020462135}, 'boat': {'top1_accuracy': 1.0869565217391304, 'top1_error': -0.08695652173913038, 'avg_similarity': 0.023187703}, 'sink': {'top1_accuracy': 1.1111111111111112, 'top1_error': -0.11111111111111116, 'avg_similarity': 0.025850698}, 'potted plant': {'top1_accuracy': 0.9444444444444444, 'top1_error': 0.05555555555555558, 'avg_similarity': 0.023271605}, 'dog': {'top1_accuracy': 0.9, 'top1_error': 0.09999999999999998, 'avg_similarity': 0.02175333}, 'none': {'top1_accuracy': 1.0, 'top1_error': 0.0, 'avg_similarity': 0.020993762}, 'car': {'top1_accuracy': 1.0694444444444444, 'top1_error': -0.06944444444444442, 'avg_similarity': 0.022294099}, 'parking meter': {'top1_accuracy': 1.0, 'top1_error': 0.0, 'avg_similarity': 0.02073778}, 'tie': {'top1_accuracy': 1.0789473684210527, 'top1_error': -0.07894736842105265, 'avg_similarity': 0.019217147}, 'bird': {'top1_accuracy': 0.9827586206896551, 'top1_error': 0.017241379310344862, 'avg_similarity': 0.022441782}, 'vase': {'top1_accuracy': 0.9285714285714286, 'top1_error': 0.0714285714285714, 'avg_similarity': 0.020166343}, 'horse': {'top1_accuracy': 0.8620689655172413, 'top1_error': 0.13793103448275867, 'avg_similarity': 0.021626886}, 'clock': {'top1_accuracy': 1.0681818181818181, 'top1_error': -0.06818181818181812, 'avg_similarity': 0.02341686}, 'spoon': {'top1_accuracy': 1.0, 'top1_error': 0.0, 'avg_similarity': 0.020215793}, 'umbrella': {'top1_accuracy': 0.8636363636363636, 'top1_error': 0.13636363636363635, 'avg_similarity': 0.023864063}, 'cell phone': {'top1_accuracy': 1.0, 'top1_error': 0.0, 'avg_similarity': 0.020557376}, 'banana': {'top1_accuracy': 1.0, 'top1_error': 0.0, 'avg_similarity': 0.023393095}, 'cup': {'top1_accuracy': 1.0, 'top1_error': 0.0, 'avg_similarity': 0.018691566}, 'bench': {'top1_accuracy': 0.8, 'top1_error': 0.19999999999999996, 'avg_similarity': 0.022050314}, 'airplane': {'top1_accuracy': 0.6666666666666666, 'top1_error': 0.33333333333333337, 'avg_similarity': 0.023325795}, 'bus': {'top1_accuracy': 0.9166666666666666, 'top1_error': 0.08333333333333337, 'avg_similarity': 0.021539873}, 'traffic light': {'top1_accuracy': 0.9444444444444444, 'top1_error': 0.05555555555555558, 'avg_similarity': 0.013952594}, 'giraffe': {'top1_accuracy': 0.8823529411764706, 'top1_error': 0.11764705882352944, 'avg_similarity': 0.02193868}, 'sheep': {'top1_accuracy': 1.0, 'top1_error': 0.0, 'avg_similarity': 0.02163532}, 'fire hydrant': {'top1_accuracy': 0.8333333333333334, 'top1_error': 0.16666666666666663, 'avg_similarity': 0.021161117}, 'zebra': {'top1_accuracy': 0.9444444444444444, 'top1_error': 0.05555555555555558, 'avg_similarity': 0.024302764}, 'stop sign': {'top1_accuracy': 1.0, 'top1_error': 0.0, 'avg_similarity': 0.021001307}, 'book': {'top1_accuracy': 1.0, 'top1_error': 0.0, 'avg_similarity': 0.021207195}, 'skateboard': {'top1_accuracy': 1.0, 'top1_error': 0.0, 'avg_similarity': 0.02300156}, 'train': {'top1_accuracy': 1.1666666666666667, 'top1_error': -0.16666666666666674, 'avg_similarity': 0.022184841}, 'elephant': {'top1_accuracy': 1.0, 'top1_error': 0.0, 'avg_similarity': 0.024040267}, 'wine glass': {'top1_accuracy': 1.0, 'top1_error': 0.0, 'avg_similarity': 0.012851303}, 'suitcase': {'top1_accuracy': 0.75, 'top1_error': 0.25, 'avg_similarity': 0.016642917}, 'sports ball': {'top1_accuracy': 1.0, 'top1_error': 0.0, 'avg_similarity': 0.018814454}, 'bear': {'top1_accuracy': 1.0, 'top1_error': 0.0, 'avg_similarity': 0.01944779}, 'frisbee': {'top1_accuracy': 1.0, 'top1_error': 0.0, 'avg_similarity': 0.027689254}, 'handbag': {'top1_accuracy': 1.0, 'top1_error': 0.0, 'avg_similarity': 0.02212151}, 'baseball bat': {'top1_accuracy': 1.125, 'top1_error': -0.125, 'avg_similarity': 0.019170105}, 'bowl': {'top1_accuracy': 1.0, 'top1_error': 0.0, 'avg_similarity': 0.020289687}, 'orange': {'top1_accuracy': 1.0, 'top1_error': 0.0, 'avg_similarity': 0.0279676}, 'donut': {'top1_accuracy': 1.0, 'top1_error': 0.0, 'avg_similarity': 0.019075772}, 'broccoli': {'top1_accuracy': 1.0, 'top1_error': 0.0, 'avg_similarity': 0.022410816}, 'knife': {'top1_accuracy': 1.0, 'top1_error': 0.0, 'avg_similarity': 0.017379554}, 'fork': {'top1_accuracy': 1.0, 'top1_error': 0.0, 'avg_similarity': 0.027495671}, 'carrot': {'top1_accuracy': 1.0, 'top1_error': 0.0, 'avg_similarity': 0.025181904}, 'toothbrush': {'top1_accuracy': 1.0, 'top1_error': 0.0, 'avg_similarity': 0.024427487}, 'sandwich': {'top1_accuracy': 1.0, 'top1_error': 0.0, 'avg_similarity': 0.021363368}, 'hot dog': {'top1_accuracy': 1.0, 'top1_error': 0.0, 'avg_similarity': 0.025333827}, 'keyboard': {'top1_accuracy': 1.0, 'top1_error': 0.0, 'avg_similarity': 0.022158427}, 'snowboard': {'top1_accuracy': 1.0, 'top1_error': 0.0, 'avg_similarity': 0.019888036}, 'cake': {'top1_accuracy': 1.0, 'top1_error': 0.0, 'avg_similarity': 0.018069288}, 'surfboard': {'top1_accuracy': 1.0, 'top1_error': 0.0, 'avg_similarity': 0.029817771}, 'bed': {'top1_accuracy': 1.0, 'top1_error': 0.0, 'avg_similarity': 0.020372521}, 'pizza': {'top1_accuracy': 1.0, 'top1_error': 0.0, 'avg_similarity': 0.020362748}, 'tennis racket': {'top1_accuracy': 1.0, 'top1_error': 0.0, 'avg_similarity': 0.02163052}, 'couch': {'top1_accuracy': 0.875, 'top1_error': 0.125, 'avg_similarity': 0.023255458}, 'mouse': {'top1_accuracy': 0.5, 'top1_error': 0.5, 'avg_similarity': 0.0073243272}, 'laptop': {'top1_accuracy': 1.0, 'top1_error': 0.0, 'avg_similarity': 0.017665226}, 'kite': {'top1_accuracy': 1.0, 'top1_error': 0.0, 'avg_similarity': 0.025168326}, 'teddy bear': {'top1_accuracy': 1.0, 'top1_error': 0.0, 'avg_similarity': 0.01708419}, 'scissors': {'top1_accuracy': 0.9, 'top1_error': 0.09999999999999998, 'avg_similarity': 0.02222911}}",CLIPFromScratch_fairness_plot.png
BLIPFromScratch,"{'noise_0.01': {'top1_accuracy': 0.12362362362362363, 'top1_error': 0.8763763763763763, 'avg_similarity': 0.038951695}, 'noise_0.05': {'top1_accuracy': 0.12462462462462462, 'top1_error': 0.8753753753753754, 'avg_similarity': 0.038948532}, 'noise_0.1': {'top1_accuracy': 0.12462462462462462, 'top1_error': 0.8753753753753754, 'avg_similarity': 0.038940087}}","{'blur_1': {'top1_accuracy': 0.12612612612612611, 'top1_error': 0.8738738738738738, 'avg_similarity': 0.037082024}, 'blur_3': {'top1_accuracy': 0.12312312312312312, 'top1_error': 0.8768768768768769, 'avg_similarity': 0.03717657}, 'blur_5': {'top1_accuracy': 0.12412412412412413, 'top1_error': 0.8758758758758759, 'avg_similarity': 0.03723476}}","{'occlusion_32': {'top1_accuracy': 0.12762762762762764, 'top1_error': 0.8723723723723724, 'avg_similarity': 0.037102964}, 'occlusion_64': {'top1_accuracy': 0.12562562562562563, 'top1_error': 0.8743743743743744, 'avg_similarity': 0.0371079}}",,,,
BLIPFromScratch,,,,5.269008159637451,BLIPFromScratch_attention_maps.png,,
BLIPFromScratch,,,,,,"{'motorcycle': {'top1_accuracy': 1.0, 'top1_error': 0.0, 'avg_similarity': 0.035995863}, 'person': {'top1_accuracy': 1.0266272189349113, 'top1_error': -0.026627218934911268, 'avg_similarity': 0.036998134}, 'cow': {'top1_accuracy': 0.90625, 'top1_error': 0.09375, 'avg_similarity': 0.038332216}, 'tv': {'top1_accuracy': 0.9583333333333334, 'top1_error': 0.04166666666666663, 'avg_similarity': 0.035673775}, 'cat': {'top1_accuracy': 1.03125, 'top1_error': -0.03125, 'avg_similarity': 0.03664289}, 'bottle': {'top1_accuracy': 1.1111111111111112, 'top1_error': -0.11111111111111116, 'avg_similarity': 0.03727343}, 'toilet': {'top1_accuracy': 1.078125, 'top1_error': -0.078125, 'avg_similarity': 0.03741449}, 'bicycle': {'top1_accuracy': 1.0555555555555556, 'top1_error': -0.05555555555555558, 'avg_similarity': 0.036102425}, 'microwave': {'top1_accuracy': 1.0, 'top1_error': 0.0, 'avg_similarity': 0.038471624}, 'chair': {'top1_accuracy': 1.0, 'top1_error': 0.0, 'avg_similarity': 0.03841477}, 'refrigerator': {'top1_accuracy': 1.2777777777777777, 'top1_error': -0.2777777777777777, 'avg_similarity': 0.038109094}, 'truck': {'top1_accuracy': 1.0, 'top1_error': 0.0, 'avg_similarity': 0.03585306}, 'dining table': {'top1_accuracy': 1.0, 'top1_error': 0.0, 'avg_similarity': 0.03722213}, 'boat': {'top1_accuracy': 1.1521739130434783, 'top1_error': -0.15217391304347827, 'avg_similarity': 0.036433596}, 'sink': {'top1_accuracy': 1.1111111111111112, 'top1_error': -0.11111111111111116, 'avg_similarity': 0.038181957}, 'potted plant': {'top1_accuracy': 1.0555555555555556, 'top1_error': -0.05555555555555558, 'avg_similarity': 0.038053885}, 'dog': {'top1_accuracy': 1.0, 'top1_error': 0.0, 'avg_similarity': 0.037231784}, 'none': {'top1_accuracy': 1.0, 'top1_error': 0.0, 'avg_similarity': 0.036250502}, 'car': {'top1_accuracy': 0.9583333333333334, 'top1_error': 0.04166666666666663, 'avg_similarity': 0.03632399}, 'parking meter': {'top1_accuracy': 1.0, 'top1_error': 0.0, 'avg_similarity': 0.034634575}, 'tie': {'top1_accuracy': 1.0789473684210527, 'top1_error': -0.07894736842105265, 'avg_similarity': 0.035612892}, 'bird': {'top1_accuracy': 0.9655172413793104, 'top1_error': 0.03448275862068961, 'avg_similarity': 0.037462816}, 'vase': {'top1_accuracy': 0.8571428571428571, 'top1_error': 0.1428571428571429, 'avg_similarity': 0.03592996}, 'horse': {'top1_accuracy': 0.8620689655172413, 'top1_error': 0.13793103448275867, 'avg_similarity': 0.037080623}, 'clock': {'top1_accuracy': 0.9318181818181818, 'top1_error': 0.06818181818181823, 'avg_similarity': 0.03534684}, 'spoon': {'top1_accuracy': 1.0, 'top1_error': 0.0, 'avg_similarity': 0.037663244}, 'umbrella': {'top1_accuracy': 1.0, 'top1_error': 0.0, 'avg_similarity': 0.037825033}, 'cell phone': {'top1_accuracy': 1.0, 'top1_error': 0.0, 'avg_similarity': 0.035409518}, 'banana': {'top1_accuracy': 0.8888888888888888, 'top1_error': 0.11111111111111116, 'avg_similarity': 0.039492786}, 'cup': {'top1_accuracy': 0.9, 'top1_error': 0.09999999999999998, 'avg_similarity': 0.036335636}, 'bench': {'top1_accuracy': 0.9, 'top1_error': 0.09999999999999998, 'avg_similarity': 0.036838345}, 'airplane': {'top1_accuracy': 1.0, 'top1_error': 0.0, 'avg_similarity': 0.037487406}, 'bus': {'top1_accuracy': 1.0833333333333333, 'top1_error': -0.08333333333333326, 'avg_similarity': 0.03706597}, 'traffic light': {'top1_accuracy': 0.9444444444444444, 'top1_error': 0.05555555555555558, 'avg_similarity': 0.03735396}, 'giraffe': {'top1_accuracy': 0.9411764705882353, 'top1_error': 0.05882352941176472, 'avg_similarity': 0.03801045}, 'sheep': {'top1_accuracy': 1.0, 'top1_error': 0.0, 'avg_similarity': 0.03778904}, 'fire hydrant': {'top1_accuracy': 1.0, 'top1_error': 0.0, 'avg_similarity': 0.03589038}, 'zebra': {'top1_accuracy': 1.0277777777777777, 'top1_error': -0.02777777777777768, 'avg_similarity': 0.039217968}, 'stop sign': {'top1_accuracy': 0.75, 'top1_error': 0.25, 'avg_similarity': 0.036143254}, 'book': {'top1_accuracy': 1.0, 'top1_error': 0.0, 'avg_similarity': 0.03465875}, 'skateboard': {'top1_accuracy': 1.0, 'top1_error': 0.0, 'avg_similarity': 0.0381304}, 'train': {'top1_accuracy': 0.875, 'top1_error': 0.125, 'avg_similarity': 0.03685191}, 'elephant': {'top1_accuracy': 1.0, 'top1_error': 0.0, 'avg_similarity': 0.037884645}, 'wine glass': {'top1_accuracy': 1.0, 'top1_error': 0.0, 'avg_similarity': 0.033429366}, 'suitcase': {'top1_accuracy': 1.0, 'top1_error': 0.0, 'avg_similarity': 0.0357809}, 'sports ball': {'top1_accuracy': 0.9852941176470589, 'top1_error': 0.014705882352941124, 'avg_similarity': 0.036229145}, 'bear': {'top1_accuracy': 1.0, 'top1_error': 0.0, 'avg_similarity': 0.036922388}, 'frisbee': {'top1_accuracy': 1.0, 'top1_error': 0.0, 'avg_similarity': 0.03807061}, 'handbag': {'top1_accuracy': 1.0, 'top1_error': 0.0, 'avg_similarity': 0.038009286}, 'baseball bat': {'top1_accuracy': 1.0, 'top1_error': 0.0, 'avg_similarity': 0.038097203}, 'bowl': {'top1_accuracy': 1.0416666666666667, 'top1_error': -0.04166666666666674, 'avg_similarity': 0.037676435}, 'orange': {'top1_accuracy': 1.1666666666666667, 'top1_error': -0.16666666666666674, 'avg_similarity': 0.043539584}, 'donut': {'top1_accuracy': 1.0, 'top1_error': 0.0, 'avg_similarity': 0.034131326}, 'broccoli': {'top1_accuracy': 1.0, 'top1_error': 0.0, 'avg_similarity': 0.036658354}, 'knife': {'top1_accuracy': 1.1, 'top1_error': -0.10000000000000009, 'avg_similarity': 0.038204573}, 'fork': {'top1_accuracy': 0.875, 'top1_error': 0.125, 'avg_similarity': 0.040986016}, 'carrot': {'top1_accuracy': 1.25, 'top1_error': -0.25, 'avg_similarity': 0.035104893}, 'toothbrush': {'top1_accuracy': 1.0, 'top1_error': 0.0, 'avg_similarity': 0.03976258}, 'sandwich': {'top1_accuracy': 1.0833333333333333, 'top1_error': -0.08333333333333326, 'avg_similarity': 0.036336247}, 'hot dog': {'top1_accuracy': 1.0, 'top1_error': 0.0, 'avg_similarity': 0.04103571}, 'keyboard': {'top1_accuracy': 1.0, 'top1_error': 0.0, 'avg_similarity': 0.036637202}, 'snowboard': {'top1_accuracy': 1.0, 'top1_error': 0.0, 'avg_similarity': 0.038924865}, 'cake': {'top1_accuracy': 1.0, 'top1_error': 0.0, 'avg_similarity': 0.037410066}, 'surfboard': {'top1_accuracy': 1.0, 'top1_error': 0.0, 'avg_similarity': 0.040094815}, 'bed': {'top1_accuracy': 0.95, 'top1_error': 0.050000000000000044, 'avg_similarity': 0.037037995}, 'pizza': {'top1_accuracy': 1.0, 'top1_error': 0.0, 'avg_similarity': 0.037000567}, 'tennis racket': {'top1_accuracy': 1.0, 'top1_error': 0.0, 'avg_similarity': 0.03822223}, 'couch': {'top1_accuracy': 1.0, 'top1_error': 0.0, 'avg_similarity': 0.03759331}, 'mouse': {'top1_accuracy': 1.0, 'top1_error': 0.0, 'avg_similarity': 0.031779375}, 'laptop': {'top1_accuracy': 0.75, 'top1_error': 0.25, 'avg_similarity': 0.03524914}, 'kite': {'top1_accuracy': 1.0, 'top1_error': 0.0, 'avg_similarity': 0.037672717}, 'teddy bear': {'top1_accuracy': 0.875, 'top1_error': 0.125, 'avg_similarity': 0.0362789}, 'scissors': {'top1_accuracy': 1.0, 'top1_error': 0.0, 'avg_similarity': 0.037518106}}",BLIPFromScratch_fairness_plot.png
VILTFromScratch,"{'noise_0.01': {'top1_accuracy': 1.0, 'top1_error': 0.0, 'avg_similarity': 1.0}, 'noise_0.05': {'top1_accuracy': 1.0, 'top1_error': 0.0, 'avg_similarity': 1.0}, 'noise_0.1': {'top1_accuracy': 1.0, 'top1_error': 0.0, 'avg_similarity': 1.0}}","{'blur_1': {'top1_accuracy': 1.0, 'top1_error': 0.0, 'avg_similarity': 1.0}, 'blur_3': {'top1_accuracy': 1.0, 'top1_error': 0.0, 'avg_similarity': 1.0}, 'blur_5': {'top1_accuracy': 1.0, 'top1_error': 0.0, 'avg_similarity': 1.0}}","{'occlusion_32': {'top1_accuracy': 1.0, 'top1_error': 0.0, 'avg_similarity': 1.0}, 'occlusion_64': {'top1_accuracy': 1.0, 'top1_error': 0.0, 'avg_similarity': 1.0}}",,,,
VILTFromScratch,,,,5.161942481994629,VILTFromScratch_attention_maps.png,,
VILTFromScratch,,,,,,"{'motorcycle': {'top1_accuracy': 7.944444444444445, 'top1_error': -6.944444444444445, 'avg_similarity': 1.0}, 'person': {'top1_accuracy': 8.0, 'top1_error': -7.0, 'avg_similarity': 1.0}, 'cow': {'top1_accuracy': 8.0, 'top1_error': -7.0, 'avg_similarity': 1.0}, 'tv': {'top1_accuracy': 8.0, 'top1_error': -7.0, 'avg_similarity': 1.0}, 'cat': {'top1_accuracy': 8.0, 'top1_error': -7.0, 'avg_similarity': 1.0}, 'bottle': {'top1_accuracy': 7.962962962962963, 'top1_error': -6.962962962962963, 'avg_similarity': 1.0}, 'toilet': {'top1_accuracy': 8.0, 'top1_error': -7.0, 'avg_similarity': 1.0}, 'bicycle': {'top1_accuracy': 8.0, 'top1_error': -7.0, 'avg_similarity': 0.9999999}, 'microwave': {'top1_accuracy': 8.0, 'top1_error': -7.0, 'avg_similarity': 1.0}, 'chair': {'top1_accuracy': 8.0, 'top1_error': -7.0, 'avg_similarity': 1.0}, 'refrigerator': {'top1_accuracy': 8.0, 'top1_error': -7.0, 'avg_similarity': 1.0}, 'truck': {'top1_accuracy': 8.0, 'top1_error': -7.0, 'avg_similarity': 1.0}, 'dining table': {'top1_accuracy': 8.0, 'top1_error': -7.0, 'avg_similarity': 1.0}, 'boat': {'top1_accuracy': 8.0, 'top1_error': -7.0, 'avg_similarity': 1.0}, 'sink': {'top1_accuracy': 8.0, 'top1_error': -7.0, 'avg_similarity': 1.0}, 'potted plant': {'top1_accuracy': 8.0, 'top1_error': -7.0, 'avg_similarity': 1.0}, 'dog': {'top1_accuracy': 8.0, 'top1_error': -7.0, 'avg_similarity': 1.0}, 'none': {'top1_accuracy': 8.0, 'top1_error': -7.0, 'avg_similarity': 1.0}, 'car': {'top1_accuracy': 8.0, 'top1_error': -7.0, 'avg_similarity': 1.0}, 'parking meter': {'top1_accuracy': 8.0, 'top1_error': -7.0, 'avg_similarity': 1.0}, 'tie': {'top1_accuracy': 8.0, 'top1_error': -7.0, 'avg_similarity': 1.0}, 'bird': {'top1_accuracy': 8.0, 'top1_error': -7.0, 'avg_similarity': 1.0}, 'vase': {'top1_accuracy': 8.0, 'top1_error': -7.0, 'avg_similarity': 1.0}, 'horse': {'top1_accuracy': 8.0, 'top1_error': -7.0, 'avg_similarity': 1.0}, 'clock': {'top1_accuracy': 8.0, 'top1_error': -7.0, 'avg_similarity': 1.0}, 'spoon': {'top1_accuracy': 8.0, 'top1_error': -7.0, 'avg_similarity': 0.99999994}, 'umbrella': {'top1_accuracy': 8.0, 'top1_error': -7.0, 'avg_similarity': 1.0}, 'cell phone': {'top1_accuracy': 8.0, 'top1_error': -7.0, 'avg_similarity': 1.0}, 'banana': {'top1_accuracy': 8.0, 'top1_error': -7.0, 'avg_similarity': 1.0}, 'cup': {'top1_accuracy': 8.0, 'top1_error': -7.0, 'avg_similarity': 1.0000001}, 'bench': {'top1_accuracy': 8.0, 'top1_error': -7.0, 'avg_similarity': 1.0}, 'airplane': {'top1_accuracy': 8.0, 'top1_error': -7.0, 'avg_similarity': 0.99999994}, 'bus': {'top1_accuracy': 8.0, 'top1_error': -7.0, 'avg_similarity': 1.0}, 'traffic light': {'top1_accuracy': 8.0, 'top1_error': -7.0, 'avg_similarity': 1.0}, 'giraffe': {'top1_accuracy': 8.0, 'top1_error': -7.0, 'avg_similarity': 1.0}, 'sheep': {'top1_accuracy': 8.0, 'top1_error': -7.0, 'avg_similarity': 1.0}, 'fire hydrant': {'top1_accuracy': 8.0, 'top1_error': -7.0, 'avg_similarity': 1.0}, 'zebra': {'top1_accuracy': 8.0, 'top1_error': -7.0, 'avg_similarity': 0.9999999}, 'stop sign': {'top1_accuracy': 8.0, 'top1_error': -7.0, 'avg_similarity': 1.0}, 'book': {'top1_accuracy': 8.0, 'top1_error': -7.0, 'avg_similarity': 1.0000002}, 'skateboard': {'top1_accuracy': 8.0, 'top1_error': -7.0, 'avg_similarity': 1.0}, 'train': {'top1_accuracy': 8.0, 'top1_error': -7.0, 'avg_similarity': 1.0}, 'elephant': {'top1_accuracy': 8.0, 'top1_error': -7.0, 'avg_similarity': 1.0}, 'wine glass': {'top1_accuracy': 8.0, 'top1_error': -7.0, 'avg_similarity': 0.9999999}, 'suitcase': {'top1_accuracy': 8.0, 'top1_error': -7.0, 'avg_similarity': 1.0}, 'sports ball': {'top1_accuracy': 8.0, 'top1_error': -7.0, 'avg_similarity': 1.0}, 'bear': {'top1_accuracy': 8.0, 'top1_error': -7.0, 'avg_similarity': 1.0}, 'frisbee': {'top1_accuracy': 8.0, 'top1_error': -7.0, 'avg_similarity': 1.0}, 'handbag': {'top1_accuracy': 8.0, 'top1_error': -7.0, 'avg_similarity': 1.0000001}, 'baseball bat': {'top1_accuracy': 8.0, 'top1_error': -7.0, 'avg_similarity': 1.0}, 'bowl': {'top1_accuracy': 7.75, 'top1_error': -6.75, 'avg_similarity': 1.0}, 'orange': {'top1_accuracy': 8.0, 'top1_error': -7.0, 'avg_similarity': 1.0000001}, 'donut': {'top1_accuracy': 8.0, 'top1_error': -7.0, 'avg_similarity': 0.99999994}, 'broccoli': {'top1_accuracy': 8.0, 'top1_error': -7.0, 'avg_similarity': 1.0}, 'knife': {'top1_accuracy': 8.0, 'top1_error': -7.0, 'avg_similarity': 1.0}, 'fork': {'top1_accuracy': 8.0, 'top1_error': -7.0, 'avg_similarity': 1.0}, 'carrot': {'top1_accuracy': 8.0, 'top1_error': -7.0, 'avg_similarity': 1.0}, 'toothbrush': {'top1_accuracy': 8.0, 'top1_error': -7.0, 'avg_similarity': 1.0}, 'sandwich': {'top1_accuracy': 8.0, 'top1_error': -7.0, 'avg_similarity': 1.0}, 'hot dog': {'top1_accuracy': 8.0, 'top1_error': -7.0, 'avg_similarity': 1.0}, 'keyboard': {'top1_accuracy': 8.0, 'top1_error': -7.0, 'avg_similarity': 0.99999994}, 'snowboard': {'top1_accuracy': 8.0, 'top1_error': -7.0, 'avg_similarity': 1.0}, 'cake': {'top1_accuracy': 8.0, 'top1_error': -7.0, 'avg_similarity': 1.0}, 'surfboard': {'top1_accuracy': 8.0, 'top1_error': -7.0, 'avg_similarity': 0.9999999}, 'bed': {'top1_accuracy': 8.0, 'top1_error': -7.0, 'avg_similarity': 1.0}, 'pizza': {'top1_accuracy': 8.0, 'top1_error': -7.0, 'avg_similarity': 1.0}, 'tennis racket': {'top1_accuracy': 8.0, 'top1_error': -7.0, 'avg_similarity': 1.0}, 'couch': {'top1_accuracy': 8.0, 'top1_error': -7.0, 'avg_similarity': 0.99999994}, 'mouse': {'top1_accuracy': 8.0, 'top1_error': -7.0, 'avg_similarity': 0.9999999}, 'laptop': {'top1_accuracy': 7.5, 'top1_error': -6.5, 'avg_similarity': 0.99999994}, 'kite': {'top1_accuracy': 8.0, 'top1_error': -7.0, 'avg_similarity': 1.0}, 'teddy bear': {'top1_accuracy': 8.0, 'top1_error': -7.0, 'avg_similarity': 1.0}, 'scissors': {'top1_accuracy': 8.0, 'top1_error': -7.0, 'avg_similarity': 1.0}}",VILTFromScratch_fairness_plot.png
